1506260408121-e353d10b87c7	Claudio Testa
1472214103451-9374bd1c798e	Karsten Würth
1482689860904-c5747d0c8995	Navi
1500964757637-c85e8a162699	Thomas Bennie
1506905925346-21bda4d32df4	Unsplash contributor
1500648767791-00dcc994a43e	Jurica Koletić
1534528741775-53994a69daeb	Aiony Haust
1531746020798-e6953c6e8e04	Jimmy Fermin
1506794778202-cad84cf45f1d	Albert Dera
1544005313-94ddf0286df2	Štefan Štefančík
1521119989659-a83eee488004	Philip Martin
1522075469751-3a6694fb2f61	César Rincón
1529626455594-4ff0802cfb7e	Ayo Ogunseinde
1438761681033-6461ffad8d80	Christopher Campbell
1477959858617-67f85cf4f1df	Pedro Lastra
1449824913935-59a10b8d2000	Andrea Cau
1480714378408-67cf0d13bc1b	ben o'bro
1519501025264-65ba15a82390	Max Bender
1514565131-fce0801e5785	Jonathan Roger
1444723121867-7a241cacace9	Henning Witzel
1541336032412-2048a678540d	Timo Wagner
1546069901-ba9599a7e63c	Anh Nguyen
1565299624946-b28f40a0ae38	Chad Montano
1482049016688-2d3e1b311543	Joseph Gonzalez
1555939594-58d7cb561ad1	Victoria Shes
1512621776951-a57141f2eefd	Anna Pelzer
1504674900247-0877df9cc836	Lily Banse
1474511320723-9a56873867b5	Ray Hennessy
1484406566174-9da000fda645	Laura College
1437622368342-7a3d73a34c8f	Wexor Tmg
1535083783855-76ae62b2914e	David Clode
1574870111867-089730e5a72b	Andy Holmes
1507525428034-b723cf961d3e	Sean Oulashin
1506953823976-52e1fdc0149a	Maarten van den Heuvel
1509233725247-49e657c54213	Matthew Brodeur
1473116763249-2faaef81ccda	Camille Minouflet
1519046904884-53103b34b206	Elizeu Dias
1468413253725-0d5181091126	Rowan Heuvel
1527576539890-dfa815648363	Joakim Nådell
1486718448742-163732cd1544	Ricardo Gomez Angel
1551038247-3d9af20df552	Howard Bouchevereau
1531591022136-eb8b0da1e6d0	Tobias Keller
1483366774565-c783b9f70e2c	Kimon Maritz
1460574283810-2aab119d8511	Julien Moreau
1451976426598-a7593bd6d0b2	Danist Soh
1435575653489-b0873ec954e2	Verne Ho
